angeline2045@borer.name,Dalila Castanheira,9819386718
levi_muller@franecki.org,Isadora da Rocha,2738434518
ila1954@hagenes.name,Sra. Antonella Gomide Neto,623/847-4185
natasha.blanda@daniel.net,Sr. Nataniel Assumpção,865.897.6678
ressie.balistreri@gleason.org,João Vitor da Madureira,846.473.1380
wendy_oconnell@luettgen.net,Thomas Ramires,3115672485
chauncey2067@walker.name,Rebeca Braga,2713664025
cassie.murray@nikolaus.name,Maria Helena da Cruz,330-481-2911
mayra1920@nikolaus.net,Enzo Cardoso,(268) 572-6186
jaqueline_nitzsche@schimmel.name,Davi Lucca Lessa Jr.,503-912-7492
johann.mann@ryan.org,Liz Mendes,869/679-5577
jordy2058@jenkins.com,Mércia Fogaça,2723451187
kendrick2063@goldner.net,Davi Luiz Louzada,5354656621
weldon_gerhold@jaskolski.org,Clarice da Mota Filho,552.677.7723
king.stracke@lynch.com,Giovanna da Fronteira,987.657.5707
delilah1914@schimmel.org,Olívia Cabreira,957-499-7524
sonya_kris@kuphal.org,Arthur Miguel Garcez,446/656-8527
reba.green@kling.info,Joana Macedo,3633473659
olga.feest@schneider.org,Luiza Rios,254-615-9434
amina1928@kilback.org,Luiz Felipe Vidal Filho,223-989-3840
alford_bartell@luettgen.info,Dra. Joana Brum Jr.,6476078881
aiyana1927@bernhard.info,Enzo Gabriel Macedo,304.904.6556
jamil1997@koepp.org,Carla Bouças,980-409-7364
wiley2026@flatley.name,Dalila da Mota,2755370148
laurence1944@ritchie.name,Sra. Maria Fernanda Rocha,839.531.3011
moses2095@heaney.name,Sr. Fabiano das Neves Filho,(903) 832-2917
amy.mcclure@shields.org,Henrique Soares,367/575-0726
billy2046@howell.net,Rafaela Caldeira,560/393-9249
agnes2100@vandervort.biz,André Monteira,386/876-9470
carolanne2093@turcotte.net,Luiz Henrique Monteira,506.703.1673
orlo.cole@hayes.com,Maria Isis Cabreira Jr.,754.357.8515
alverta2074@thiel.com,Davi Lucca Farias,(824) 698-5568
cale_stehr@waelchi.org,Arthur Henrique Bonfim,432/691-8519
jaeden2090@buckridge.org,Srta. Patricia Braga Filho,628-765-5348
talon1973@dubuque.org,Sra. Isabela Quarteira,932/214-1418
mauricio2027@kohler.biz,Rodrigo Fontinhas,(741) 752-9332
darrel1982@gulgowski.name,André Regueira,(555) 705-2833
pete2039@wisoky.biz,Clarice Nascimento,(385) 482-4436
camila1937@west.org,Warley da Maia,441.614.2492
jordi1936@connelly.info,Isis da Rosa Jr.,827/381-6354
eliza_veum@oberbrunner.name,Pérola Caldeira,4622647423
winona1965@trantow.info,Marcelo Fontinhas,4658016032
felicity_strosin@lowe.net,Nathan Ferraço,(313) 437-9617
gayle.hintz@hane.info,Giulia Melo Neto,550/594-3847
brook.prohaska@leuschke.com,Joao Dantas,259.443.7163
alfonzo_hegmann@cassin.net,Sra. Lorena Bomdia Neto,9622433158
adelbert_howe@dickens.biz,Adriana Jesus,223.717.1454
cecelia2027@rau.net,Dr. Malu Amoreira Neto,(244) 995-2633
susana.nitzsche@paucek.name,Meire Quarteira,5522940591
mitchell1988@fahey.org,Isabelly Pedroso,(323) 402-1369
